id,label,confidence,used_vote,valid,reason,checks,vote_dist,roi_meta
TEST_000,0,0.47,True,True,Package intact (vote 10/10 on FULL). hole1=connected(c9/n1/u0) / hole2=connected(c10/n0/u0) / hole3=connected(c8/n2/u0).,"{""package_intact"": true, ""hole1_status"": ""connected"", ""hole2_status"": ""connected"", ""hole3_status"": ""connected"", ""rule"": ""abnormal if package damaged OR any hole not_connected"", ""conf_thresh"": 0.95, ""n_votes"": 10, ""use_enhance"": true, ""cove_used"": false, ""cove_trigger"": """"}",,"{""full_img_size"": [224, 224], ""package_bbox"": [47, 94, 194, 214], ""sub_boxes"": {""hole1"": [47, 113, 95, 214], ""hole2"": [96, 113, 144, 214], ""hole3"": [145, 113, 194, 214]}}"
TEST_001,0,0.41,True,True,Package intact (vote 10/10 on FULL). hole1=connected(c9/n1/u0) / hole2=connected(c10/n0/u0) / hole3=connected(c8/n2/u0).,"{""package_intact"": true, ""hole1_status"": ""connected"", ""hole2_status"": ""connected"", ""hole3_status"": ""connected"", ""rule"": ""abnormal if package damaged OR any hole not_connected"", ""conf_thresh"": 0.95, ""n_votes"": 10, ""use_enhance"": true, ""cove_used"": false, ""cove_trigger"": """"}",,"{""full_img_size"": [224, 224], ""package_bbox"": [39, 106, 179, 222], ""sub_boxes"": {""hole1"": [39, 125, 84, 222], ""hole2"": [85, 125, 130, 222], ""hole3"": [131, 125, 179, 222]}}"
TEST_002,0,0.58,True,True,Package intact (vote 10/10 on FULL). hole1=connected(c9/n1/u0) / hole2=connected(c10/n0/u0) / hole3=connected(c8/n2/u0).,"{""package_intact"": true, ""hole1_status"": ""connected"", ""hole2_status"": ""connected"", ""hole3_status"": ""connected"", ""rule"": ""abnormal if package damaged OR any hole not_connected"", ""conf_thresh"": 0.95, ""n_votes"": 10, ""use_enhance"": true, ""cove_used"": false, ""cove_trigger"": """"}",,"{""full_img_size"": [224, 224], ""package_bbox"": [43, 102, 190, 219], ""sub_boxes"": {""hole1"": [43, 121, 91, 219], ""hole2"": [92, 121, 140, 219], ""hole3"": [141, 121, 190, 219]}}"
TEST_003,0,0.35,True,True,Package intact (vote 10/10 on FULL). hole1=connected(c9/n1/u0) / hole2=connected(c10/n0/u0) / hole3=connected(c8/n2/u0).,"{""package_intact"": true, ""hole1_status"": ""connected"", ""hole2_status"": ""connected"", ""hole3_status"": ""connected"", ""rule"": ""abnormal if package damaged OR any hole not_connected"", ""conf_thresh"": 0.95, ""n_votes"": 10, ""use_enhance"": true, ""cove_used"": false, ""cove_trigger"": """"}",,"{""full_img_size"": [224, 224], ""package_bbox"": [38, 98, 182, 214], ""sub_boxes"": {""hole1"": [38, 117, 85, 214], ""hole2"": [86, 117, 133, 214], ""hole3"": [134, 117, 182, 214]}}"
TEST_004,0,0.57,True,True,Package intact (vote 10/10 on FULL). hole1=connected(c9/n1/u0) / hole2=connected(c10/n0/u0) / hole3=connected(c8/n2/u0).,"{""package_intact"": true, ""hole1_status"": ""connected"", ""hole2_status"": ""connected"", ""hole3_status"": ""connected"", ""rule"": ""abnormal if package damaged OR any hole not_connected"", ""conf_thresh"": 0.95, ""n_votes"": 10, ""use_enhance"": true, ""cove_used"": false, ""cove_trigger"": """"}",,"{""full_img_size"": [224, 224], ""package_bbox"": [45, 95, 189, 212], ""sub_boxes"": {""hole1"": [45, 114, 92, 212], ""hole2"": [93, 114, 140, 212], ""hole3"": [141, 114, 189, 212]}}"
TEST_005,0,0.33,True,True,Package intact (vote 10/10 on FULL). hole1=connected(c9/n1/u0) / hole2=connected(c10/n0/u0) / hole3=connected(c8/n2/u0).,"{""package_intact"": true, ""hole1_status"": ""connected"", ""hole2_status"": ""connected"", ""hole3_status"": ""connected"", ""rule"": ""abnormal if package damaged OR any hole not_connected"", ""conf_thresh"": 0.95, ""n_votes"": 10, ""use_enhance"": true, ""cove_used"": false, ""cove_trigger"": """"}",,"{""full_img_size"": [224, 224], ""package_bbox"": [46, 97, 192, 214], ""sub_boxes"": {""hole1"": [46, 116, 93, 214], ""hole2"": [94, 116, 141, 214], ""hole3"": [142, 116, 192, 214]}}"
TEST_006,0,0.49,True,True,Package intact (vote 10/10 on FULL). hole1=connected(c9/n1/u0) / hole2=connected(c10/n0/u0) / hole3=connected(c8/n2/u0).,"{""package_intact"": true, ""hole1_status"": ""connected"", ""hole2_status"": ""connected"", ""hole3_status"": ""connected"", ""rule"": ""abnormal if package damaged OR any hole not_connected"", ""conf_thresh"": 0.95, ""n_votes"": 10, ""use_enhance"": true, ""cove_used"": false, ""cove_trigger"": """"}",,"{""full_img_size"": [224, 224], ""package_bbox"": [48, 92, 188, 215], ""sub_boxes"": {""hole1"": [48, 111, 93, 215], ""hole2"": [94, 111, 139, 215], ""hole3"": [140, 111, 188, 215]}}"
TEST_007,1,0.76,False,True,Package intact (vote 10/10 on FULL). hole1=not_connected(c3/n7/u0) / hole2=connected(c9/n1/u0) / hole3=not_connected(c2/n8/u0).,"{""package_intact"": true, ""hole1_status"": ""uncertain"", ""hole2_status"": ""connected"", ""hole3_status"": ""uncertain"", ""rule"": ""abnormal if package damaged OR any hole not_connected"", ""conf_thresh"": 0.95, ""n_votes"": 10, ""use_enhance"": true, ""cove_used"": false, ""cove_trigger"": """"}",,"{""full_img_size"": [224, 224], ""package_bbox"": [47, 95, 189, 211], ""sub_boxes"": {""hole1"": [47, 114, 93, 211], ""hole2"": [94, 114, 140, 211], ""hole3"": [141, 114, 189, 211]}}"
TEST_008,0,0.66,False,True,Package intact (vote 10/10 on FULL). hole1=connected(c9/n1/u0) / hole2=connected(c10/n0/u0) / hole3=connected(c8/n2/u0).,"{""package_intact"": true, ""hole1_status"": ""connected"", ""hole2_status"": ""connected"", ""hole3_status"": ""connected"", ""rule"": ""abnormal if package damaged OR any hole not_connected"", ""conf_thresh"": 0.95, ""n_votes"": 10, ""use_enhance"": true, ""cove_used"": false, ""cove_trigger"": """"}",,"{""full_img_size"": [224, 224], ""package_bbox"": [38, 95, 183, 216], ""sub_boxes"": {""hole1"": [38, 114, 85, 216], ""hole2"": [86, 114, 133, 216], ""hole3"": [134, 114, 183, 216]}}"
TEST_009,1,0.71,False,True,Package intact (vote 10/10 on FULL). hole1=connected(c3/n7/u0) / hole2=not_connected(c9/n1/u0) / hole3=not_connected(c2/n8/u0).,"{""package_intact"": true, ""hole1_status"": ""connected"", ""hole2_status"": ""uncertain"", ""hole3_status"": ""uncertain"", ""rule"": ""abnormal if package damaged OR any hole not_connected"", ""conf_thresh"": 0.95, ""n_votes"": 10, ""use_enhance"": true, ""cove_used"": false, ""cove_trigger"": """"}",,"{""full_img_size"": [224, 224], ""package_bbox"": [39, 105, 179, 221], ""sub_boxes"": {""hole1"": [39, 124, 84, 221], ""hole2"": [85, 124, 130, 221], ""hole3"": [131, 124, 179, 221]}}"
TEST_010,0,0.49,True,True,Package intact (vote 10/10 on FULL). hole1=connected(c9/n1/u0) / hole2=connected(c10/n0/u0) / hole3=connected(c8/n2/u0).,"{""package_intact"": true, ""hole1_status"": ""connected"", ""hole2_status"": ""connected"", ""hole3_status"": ""connected"", ""rule"": ""abnormal if package damaged OR any hole not_connected"", ""conf_thresh"": 0.95, ""n_votes"": 10, ""use_enhance"": true, ""cove_used"": false, ""cove_trigger"": """"}",,"{""full_img_size"": [224, 224], ""package_bbox"": [47, 108, 188, 223], ""sub_boxes"": {""hole1"": [47, 127, 93, 223], ""hole2"": [94, 127, 140, 223], ""hole3"": [141, 127, 188, 223]}}"
TEST_011,0,0.64,False,True,Package intact (vote 10/10 on FULL). hole1=connected(c9/n1/u0) / hole2=connected(c10/n0/u0) / hole3=connected(c8/n2/u0).,"{""package_intact"": true, ""hole1_status"": ""connected"", ""hole2_status"": ""connected"", ""hole3_status"": ""connected"", ""rule"": ""abnormal if package damaged OR any hole not_connected"", ""conf_thresh"": 0.95, ""n_votes"": 10, ""use_enhance"": true, ""cove_used"": false, ""cove_trigger"": """"}",,"{""full_img_size"": [224, 224], ""package_bbox"": [37, 94, 176, 213], ""sub_boxes"": {""hole1"": [37, 113, 82, 213], ""hole2"": [83, 113, 128, 213], ""hole3"": [129, 113, 176, 213]}}"
TEST_012,0,0.72,False,True,Package intact (vote 10/10 on FULL). hole1=connected(c9/n1/u0) / hole2=connected(c10/n0/u0) / hole3=connected(c8/n2/u0).,"{""package_intact"": true, ""hole1_status"": ""connected"", ""hole2_status"": ""connected"", ""hole3_status"": ""connected"", ""rule"": ""abnormal if package damaged OR any hole not_connected"", ""conf_thresh"": 0.95, ""n_votes"": 10, ""use_enhance"": true, ""cove_used"": false, ""cove_trigger"": """"}",,"{""full_img_size"": [224, 224], ""package_bbox"": [47, 103, 188, 221], ""sub_boxes"": {""hole1"": [47, 122, 93, 221], ""hole2"": [94, 122, 140, 221], ""hole3"": [141, 122, 188, 221]}}"
TEST_013,0,0.57,True,True,Package intact (vote 10/10 on FULL). hole1=connected(c9/n1/u0) / hole2=connected(c10/n0/u0) / hole3=connected(c8/n2/u0).,"{""package_intact"": true, ""hole1_status"": ""connected"", ""hole2_status"": ""connected"", ""hole3_status"": ""connected"", ""rule"": ""abnormal if package damaged OR any hole not_connected"", ""conf_thresh"": 0.95, ""n_votes"": 10, ""use_enhance"": true, ""cove_used"": false, ""cove_trigger"": """"}",,"{""full_img_size"": [224, 224], ""package_bbox"": [39, 99, 182, 214], ""sub_boxes"": {""hole1"": [39, 118, 85, 214], ""hole2"": [86, 118, 132, 214], ""hole3"": [133, 118, 182, 214]}}"
TEST_014,1,0.57,True,True,Package intact (vote 10/10 on FULL). hole1=not_connected(c3/n7/u0) / hole2=connected(c9/n1/u0) / hole3=not_connected(c2/n8/u0).,"{""package_intact"": true, ""hole1_status"": ""uncertain"", ""hole2_status"": ""connected"", ""hole3_status"": ""uncertain"", ""rule"": ""abnormal if package damaged OR any hole not_connected"", ""conf_thresh"": 0.95, ""n_votes"": 10, ""use_enhance"": true, ""cove_used"": false, ""cove_trigger"": """"}",,"{""full_img_size"": [224, 224], ""package_bbox"": [36, 108, 176, 224], ""sub_boxes"": {""hole1"": [36, 127, 81, 224], ""hole2"": [82, 127, 127, 224], ""hole3"": [128, 127, 176, 224]}}"
TEST_015,1,0.4,True,True,Package intact (vote 10/10 on FULL). hole1=not_connected(c3/n7/u0) / hole2=not_connected(c9/n1/u0) / hole3=connected(c2/n8/u0).,"{""package_intact"": true, ""hole1_status"": ""uncertain"", ""hole2_status"": ""uncertain"", ""hole3_status"": ""connected"", ""rule"": ""abnormal if package damaged OR any hole not_connected"", ""conf_thresh"": 0.95, ""n_votes"": 10, ""use_enhance"": true, ""cove_used"": false, ""cove_trigger"": """"}",,"{""full_img_size"": [224, 224], ""package_bbox"": [38, 93, 181, 208], ""sub_boxes"": {""hole1"": [38, 112, 84, 208], ""hole2"": [85, 112, 131, 208], ""hole3"": [132, 112, 181, 208]}}"
TEST_016,0,0.75,False,True,Package intact (vote 10/10 on FULL). hole1=connected(c9/n1/u0) / hole2=connected(c10/n0/u0) / hole3=connected(c8/n2/u0).,"{""package_intact"": true, ""hole1_status"": ""connected"", ""hole2_status"": ""connected"", ""hole3_status"": ""connected"", ""rule"": ""abnormal if package damaged OR any hole not_connected"", ""conf_thresh"": 0.95, ""n_votes"": 10, ""use_enhance"": true, ""cove_used"": false, ""cove_trigger"": """"}",,"{""full_img_size"": [224, 224], ""package_bbox"": [40, 103, 183, 222], ""sub_boxes"": {""hole1"": [40, 122, 86, 222], ""hole2"": [87, 122, 133, 222], ""hole3"": [134, 122, 183, 222]}}"
TEST_017,1,0.79,False,True,Package intact (vote 10/10 on FULL). hole1=connected(c3/n7/u0) / hole2=not_connected(c9/n1/u0) / hole3=not_connected(c2/n8/u0).,"{""package_intact"": true, ""hole1_status"": ""connected"", ""hole2_status"": ""uncertain"", ""hole3_status"": ""uncertain"", ""rule"": ""abnormal if package damaged OR any hole not_connected"", ""conf_thresh"": 0.95, ""n_votes"": 10, ""use_enhance"": true, ""cove_used"": false, ""cove_trigger"": """"}",,"{""full_img_size"": [224, 224], ""package_bbox"": [43, 99, 182, 216], ""sub_boxes"": {""hole1"": [43, 118, 88, 216], ""hole2"": [89, 118, 134, 216], ""hole3"": [135, 118, 182, 216]}}"
TEST_018,0,0.32,True,True,Package intact (vote 10/10 on FULL). hole1=connected(c9/n1/u0) / hole2=connected(c10/n0/u0) / hole3=connected(c8/n2/u0).,"{""package_intact"": true, ""hole1_status"": ""connected"", ""hole2_status"": ""connected"", ""hole3_status"": ""connected"", ""rule"": ""abnormal if package damaged OR any hole not_connected"", ""conf_thresh"": 0.95, ""n_votes"": 10, ""use_enhance"": true, ""cove_used"": false, ""cove_trigger"": """"}",,"{""full_img_size"": [224, 224], ""package_bbox"": [34, 103, 173, 224], ""sub_boxes"": {""hole1"": [34, 122, 79, 224], ""hole2"": [80, 122, 125, 224], ""hole3"": [126, 122, 173, 224]}}"
TEST_019,0,0.38,True,True,Package intact (vote 10/10 on FULL). hole1=connected(c9/n1/u0) / hole2=connected(c10/n0/u0) / hole3=connected(c8/n2/u0).,"{""package_intact"": true, ""hole1_status"": ""connected"", ""hole2_status"": ""connected"", ""hole3_status"": ""connected"", ""rule"": ""abnormal if package damaged OR any hole not_connected"", ""conf_thresh"": 0.95, ""n_votes"": 10, ""use_enhance"": true, ""cove_used"": false, ""cove_trigger"": """"}",,"{""full_img_size"": [224, 224], ""package_bbox"": [39, 92, 181, 212], ""sub_boxes"": {""hole1"": [39, 111, 85, 212], ""hole2"": [86, 111, 132, 212], ""hole3"": [133, 111, 181, 212]}}"
TEST_020,1,0.55,True,True,Package intact (vote 10/10 on FULL). hole1=not_connected(c3/n7/u0) / hole2=connected(c9/n1/u0) / hole3=not_connected(c2/n8/u0).,"{""package_intact"": true, ""hole1_status"": ""uncertain"", ""hole2_status"": ""connected"", ""hole3_status"": ""uncertain"", ""rule"": ""abnormal if package damaged OR any hole not_connected"", ""conf_thresh"": 0.95, ""n_votes"": 10, ""use_enhance"": true, ""cove_used"": false, ""cove_trigger"": """"}",,"{""full_img_size"": [224, 224], ""package_bbox"": [46, 94, 186, 215], ""sub_boxes"": {""hole1"": [46, 113, 91, 215], ""hole2"": [92, 113, 137, 215], ""hole3"": [138, 113, 186, 215]}}"
TEST_021,0,0.4,True,True,Package intact (vote 10/10 on FULL). hole1=connected(c9/n1/u0) / hole2=connected(c10/n0/u0) / hole3=connected(c8/n2/u0).,"{""package_intact"": true, ""hole1_status"": ""connected"", ""hole2_status"": ""connected"", ""hole3_status"": ""connected"", ""rule"": ""abnormal if package damaged OR any hole not_connected"", ""conf_thresh"": 0.95, ""n_votes"": 10, ""use_enhance"": true, ""cove_used"": false, ""cove_trigger"": """"}",,"{""full_img_size"": [224, 224], ""package_bbox"": [44, 103, 188, 225], ""sub_boxes"": {""hole1"": [44, 122, 91, 225], ""hole2"": [92, 122, 139, 225], ""hole3"": [140, 122, 188, 225]}}"
TEST_022,0,0.38,True,True,Package intact (vote 10/10 on FULL). hole1=connected(c9/n1/u0) / hole2=connected(c10/n0/u0) / hole3=connected(c8/n2/u0).,"{""package_intact"": true, ""hole1_status"": ""connected"", ""hole2_status"": ""connected"", ""hole3_status"": ""connected"", ""rule"": ""abnormal if package damaged OR any hole not_connected"", ""conf_thresh"": 0.95, ""n_votes"": 10, ""use_enhance"": true, ""cove_used"": false, ""cove_trigger"": """"}",,"{""full_img_size"": [224, 224], ""package_bbox"": [46, 106, 187, 221], ""sub_boxes"": {""hole1"": [46, 125, 92, 221], ""hole2"": [93, 125, 139, 221], ""hole3"": [140, 125, 187, 221]}}"
TEST_023,0,0.66,False,True,Package intact (vote 10/10 on FULL). hole1=connected(c9/n1/u0) / hole2=connected(c10/n0/u0) / hole3=connected(c8/n2/u0).,"{""package_intact"": true, ""hole1_status"": ""connected"", ""hole2_status"": ""connected"", ""hole3_status"": ""connected"", ""rule"": ""abnormal if package damaged OR any hole not_connected"", ""conf_thresh"": 0.95, ""n_votes"": 10, ""use_enhance"": true, ""cove_used"": false, ""cove_trigger"": """"}",,"{""full_img_size"": [224, 224], ""package_bbox"": [45, 97, 188, 220], ""sub_boxes"": {""hole1"": [45, 116, 91, 220], ""hole2"": [92, 116, 138, 220], ""hole3"": [139, 116, 188, 220]}}"
TEST_024,0,0.37,True,True,Package intact (vote 10/10 on FULL). hole1=connected(c9/n1/u0) / hole2=connected(c10/n0/u0) / hole3=connected(c8/n2/u0).,"{""package_intact"": true, ""hole1_status"": ""connected"", ""hole2_status"": ""connected"", ""hole3_status"": ""connected"", ""rule"": ""abnormal if package damaged OR any hole not_connected"", ""conf_thresh"": 0.95, ""n_votes"": 10, ""use_enhance"": true, ""cove_used"": false, ""cove_trigger"": """"}",,"{""full_img_size"": [224, 224], ""package_bbox"": [46, 98, 191, 219], ""sub_boxes"": {""hole1"": [46, 117, 93, 219], ""hole2"": [94, 117, 141, 219], ""hole3"": [142, 117, 191, 219]}}"
TEST_025,0,0.46,True,True,Package intact (vote 10/10 on FULL). hole1=connected(c9/n1/u0) / hole2=connected(c10/n0/u0) / hole3=connected(c8/n2/u0).,"{""package_intact"": true, ""hole1_status"": ""connected"", ""hole2_status"": ""connected"", ""hole3_status"": ""connected"", ""rule"": ""abnormal if package damaged OR any hole not_connected"", ""conf_thresh"": 0.95, ""n_votes"": 10, ""use_enhance"": true, ""cove_used"": false, ""cove_trigger"": """"}",,"{""full_img_size"": [224, 224], ""package_bbox"": [39, 99, 184, 218], ""sub_boxes"": {""hole1"": [39, 118, 86, 218], ""hole2"": [87, 118, 134, 218], ""hole3"": [135, 118, 184, 218]}}"
TEST_026,1,0.64,False,True,Package intact (vote 10/10 on FULL). hole1=not_connected(c3/n7/u0) / hole2=connected(c9/n1/u0) / hole3=not_connected(c2/n8/u0).,"{""package_intact"": true, ""hole1_status"": ""uncertain"", ""hole2_status"": ""connected"", ""hole3_status"": ""uncertain"", ""rule"": ""abnormal if package damaged OR any hole not_connected"", ""conf_thresh"": 0.95, ""n_votes"": 10, ""use_enhance"": true, ""cove_used"": false, ""cove_trigger"": """"}",,"{""full_img_size"": [224, 224], ""package_bbox"": [40, 95, 186, 215], ""sub_boxes"": {""hole1"": [40, 114, 87, 215], ""hole2"": [88, 114, 135, 215], ""hole3"": [136, 114, 186, 215]}}"
TEST_027,1,0.63,False,True,Package intact (vote 10/10 on FULL). hole1=connected(c3/n7/u0) / hole2=not_connected(c9/n1/u0) / hole3=not_connected(c2/n8/u0).,"{""package_intact"": true, ""hole1_status"": ""connected"", ""hole2_status"": ""uncertain"", ""hole3_status"": ""uncertain"", ""rule"": ""abnormal if package damaged OR any hole not_connected"", ""conf_thresh"": 0.95, ""n_votes"": 10, ""use_enhance"": true, ""cove_used"": false, ""cove_trigger"": """"}",,"{""full_img_size"": [224, 224], ""package_bbox"": [35, 99, 175, 219], ""sub_boxes"": {""hole1"": [35, 118, 80, 219], ""hole2"": [81, 118, 126, 219], ""hole3"": [127, 118, 175, 219]}}"
TEST_028,0,0.49,True,True,Package intact (vote 10/10 on FULL). hole1=connected(c9/n1/u0) / hole2=connected(c10/n0/u0) / hole3=connected(c8/n2/u0).,"{""package_intact"": true, ""hole1_status"": ""connected"", ""hole2_status"": ""connected"", ""hole3_status"": ""connected"", ""rule"": ""abnormal if package damaged OR any hole not_connected"", ""conf_thresh"": 0.95, ""n_votes"": 10, ""use_enhance"": true, ""cove_used"": false, ""cove_trigger"": """"}",,"{""full_img_size"": [224, 224], ""package_bbox"": [32, 108, 171, 226], ""sub_boxes"": {""hole1"": [32, 127, 77, 226], ""hole2"": [78, 127, 123, 226], ""hole3"": [124, 127, 171, 226]}}"
TEST_029,0,0.57,True,True,Package intact (vote 10/10 on FULL). hole1=connected(c9/n1/u0) / hole2=connected(c10/n0/u0) / hole3=connected(c8/n2/u0).,"{""package_intact"": true, ""hole1_status"": ""connected"", ""hole2_status"": ""connected"", ""hole3_status"": ""connected"", ""rule"": ""abnormal if package damaged OR any hole not_connected"", ""conf_thresh"": 0.95, ""n_votes"": 10, ""use_enhance"": true, ""cove_used"": false, ""cove_trigger"": """"}",,"{""full_img_size"": [224, 224], ""package_bbox"": [41, 93, 186, 213], ""sub_boxes"": {""hole1"": [41, 112, 88, 213], ""hole2"": [89, 112, 136, 213], ""hole3"": [137, 112, 186, 213]}}"
TEST_030,0,0.59,True,True,Package intact (vote 10/10 on FULL). hole1=connected(c9/n1/u0) / hole2=connected(c10/n0/u0) / hole3=connected(c8/n2/u0).,"{""package_intact"": true, ""hole1_status"": ""connected"", ""hole2_status"": ""connected"", ""hole3_status"": ""connected"", ""rule"": ""abnormal if package damaged OR any hole not_connected"", ""conf_thresh"": 0.95, ""n_votes"": 10, ""use_enhance"": true, ""cove_used"": false, ""cove_trigger"": """"}",,"{""full_img_size"": [224, 224], ""package_bbox"": [42, 103, 186, 218], ""sub_boxes"": {""hole1"": [42, 122, 89, 218], ""hole2"": [90, 122, 137, 218], ""hole3"": [138, 122, 186, 218]}}"
TEST_031,0,0.36,True,True,Package intact (vote 10/10 on FULL). hole1=connected(c9/n1/u0) / hole2=connected(c10/n0/u0) / hole3=connected(c8/n2/u0).,"{""package_intact"": true, ""hole1_status"": ""connected"", ""hole2_status"": ""connected"", ""hole3_status"": ""connected"", ""rule"": ""abnormal if package damaged OR any hole not_connected"", ""conf_thresh"": 0.95, ""n_votes"": 10, ""use_enhance"": true, ""cove_used"": false, ""cove_trigger"": """"}",,"{""full_img_size"": [224, 224], ""package_bbox"": [39, 93, 185, 211], ""sub_boxes"": {""hole1"": [39, 112, 86, 211], ""hole2"": [87, 112, 134, 211], ""hole3"": [135, 112, 185, 211]}}"
TEST_032,0,0.49,True,True,Package intact (vote 10/10 on FULL). hole1=connected(c9/n1/u0) / hole2=connected(c10/n0/u0) / hole3=connected(c8/n2/u0).,"{""package_intact"": true, ""hole1_status"": ""connected"", ""hole2_status"": ""connected"", ""hole3_status"": ""connected"", ""rule"": ""abnormal if package damaged OR any hole not_connected"", ""conf_thresh"": 0.95, ""n_votes"": 10, ""use_enhance"": true, ""cove_used"": false, ""cove_trigger"": """"}",,"{""full_img_size"": [224, 224], ""package_bbox"": [45, 106, 184, 225], ""sub_boxes"": {""hole1"": [45, 125, 90, 225], ""hole2"": [91, 125, 136, 225], ""hole3"": [137, 125, 184, 225]}}"
TEST_033,0,0.8,False,True,Package intact (vote 10/10 on FULL). hole1=connected(c9/n1/u0) / hole2=connected(c10/n0/u0) / hole3=connected(c8/n2/u0).,"{""package_intact"": true, ""hole1_status"": ""connected"", ""hole2_status"": ""connected"", ""hole3_status"": ""connected"", ""rule"": ""abnormal if package damaged OR any hole not_connected"", ""conf_thresh"": 0.95, ""n_votes"": 10, ""use_enhance"": true, ""cove_used"": false, ""cove_trigger"": """"}",,"{""full_img_size"": [224, 224], ""package_bbox"": [46, 94, 185, 210], ""sub_boxes"": {""hole1"": [46, 113, 91, 210], ""hole2"": [92, 113, 137, 210], ""hole3"": [138, 113, 185, 210]}}"
TEST_034,1,0.78,False,True,Package intact (vote 10/10 on FULL). hole1=connected(c3/n7/u0) / hole2=not_connected(c9/n1/u0) / hole3=not_connected(c2/n8/u0).,"{""package_intact"": true, ""hole1_status"": ""connected"", ""hole2_status"": ""uncertain"", ""hole3_status"": ""uncertain"", ""rule"": ""abnormal if package damaged OR any hole not_connected"", ""conf_thresh"": 0.95, ""n_votes"": 10, ""use_enhance"": true, ""cove_used"": false, ""cove_trigger"": """"}",,"{""full_img_size"": [224, 224], ""package_bbox"": [39, 98, 180, 216], ""sub_boxes"": {""hole1"": [39, 117, 85, 216], ""hole2"": [86, 117, 132, 216], ""hole3"": [133, 117, 180, 216]}}"
TEST_035,0,0.54,True,True,Package intact (vote 10/10 on FULL). hole1=connected(c9/n1/u0) / hole2=connected(c10/n0/u0) / hole3=connected(c8/n2/u0).,"{""package_intact"": true, ""hole1_status"": ""connected"", ""hole2_status"": ""connected"", ""hole3_status"": ""connected"", ""rule"": ""abnormal if package damaged OR any hole not_connected"", ""conf_thresh"": 0.95, ""n_votes"": 10, ""use_enhance"": true, ""cove_used"": false, ""cove_trigger"": """"}",,"{""full_img_size"": [224, 224], ""package_bbox"": [34, 102, 173, 221], ""sub_boxes"": {""hole1"": [34, 121, 79, 221], ""hole2"": [80, 121, 125, 221], ""hole3"": [126, 121, 173, 221]}}"
TEST_036,0,0.62,False,True,Package intact (vote 10/10 on FULL). hole1=connected(c9/n1/u0) / hole2=connected(c10/n0/u0) / hole3=connected(c8/n2/u0).,"{""package_intact"": true, ""hole1_status"": ""connected"", ""hole2_status"": ""connected"", ""hole3_status"": ""connected"", ""rule"": ""abnormal if package damaged OR any hole not_connected"", ""conf_thresh"": 0.95, ""n_votes"": 10, ""use_enhance"": true, ""cove_used"": false, ""cove_trigger"": """"}",,"{""full_img_size"": [224, 224], ""package_bbox"": [44, 104, 186, 222], ""sub_boxes"": {""hole1"": [44, 123, 90, 222], ""hole2"": [91, 123, 137, 222], ""hole3"": [138, 123, 186, 222]}}"
TEST_037,0,0.56,True,True,Package intact (vote 10/10 on FULL). hole1=connected(c9/n1/u0) / hole2=connected(c10/n0/u0) / hole3=connected(c8/n2/u0).,"{""package_intact"": true, ""hole1_status"": ""connected"", ""hole2_status"": ""connected"", ""hole3_status"": ""connected"", ""rule"": ""abnormal if package damaged OR any hole not_connected"", ""conf_thresh"": 0.95, ""n_votes"": 10, ""use_enhance"": true, ""cove_used"": false, ""cove_trigger"": """"}",,"{""full_img_size"": [224, 224], ""package_bbox"": [42, 92, 188, 215], ""sub_boxes"": {""hole1"": [42, 111, 89, 215], ""hole2"": [90, 111, 137, 215], ""hole3"": [138, 111, 188, 215]}}"
TEST_038,1,0.66,False,True,Package intact (vote 10/10 on FULL). hole1=connected(c3/n7/u0) / hole2=not_connected(c9/n1/u0) / hole3=not_connected(c2/n8/u0).,"{""package_intact"": true, ""hole1_status"": ""connected"", ""hole2_status"": ""uncertain"", ""hole3_status"": ""uncertain"", ""rule"": ""abnormal if package damaged OR any hole not_connected"", ""conf_thresh"": 0.95, ""n_votes"": 10, ""use_enhance"": true, ""cove_used"": false, ""cove_trigger"": """"}",,"{""full_img_size"": [224, 224], ""package_bbox"": [47, 104, 191, 223], ""sub_boxes"": {""hole1"": [47, 123, 94, 223], ""hole2"": [95, 123, 142, 223], ""hole3"": [143, 123, 191, 223]}}"
TEST_039,1,0.52,True,True,Package intact (vote 10/10 on FULL). hole1=not_connected(c3/n7/u0) / hole2=not_connected(c9/n1/u0) / hole3=connected(c2/n8/u0).,"{""package_intact"": true, ""hole1_status"": ""uncertain"", ""hole2_status"": ""uncertain"", ""hole3_status"": ""connected"", ""rule"": ""abnormal if package damaged OR any hole not_connected"", ""conf_thresh"": 0.95, ""n_votes"": 10, ""use_enhance"": true, ""cove_used"": false, ""cove_trigger"": """"}",,"{""full_img_size"": [224, 224], ""package_bbox"": [35, 102, 175, 220], ""sub_boxes"": {""hole1"": [35, 121, 80, 220], ""hole2"": [81, 121, 126, 220], ""hole3"": [127, 121, 175, 220]}}"
TEST_040,0,0.31,True,True,Package intact (vote 10/10 on FULL). hole1=connected(c9/n1/u0) / hole2=connected(c10/n0/u0) / hole3=connected(c8/n2/u0).,"{""package_intact"": true, ""hole1_status"": ""connected"", ""hole2_status"": ""connected"", ""hole3_status"": ""connected"", ""rule"": ""abnormal if package damaged OR any hole not_connected"", ""conf_thresh"": 0.95, ""n_votes"": 10, ""use_enhance"": true, ""cove_used"": false, ""cove_trigger"": """"}",,"{""full_img_size"": [224, 224], ""package_bbox"": [35, 106, 177, 225], ""sub_boxes"": {""hole1"": [35, 125, 81, 225], ""hole2"": [82, 125, 128, 225], ""hole3"": [129, 125, 177, 225]}}"
TEST_041,0,0.46,True,True,Package intact (vote 10/10 on FULL). hole1=connected(c9/n1/u0) / hole2=connected(c10/n0/u0) / hole3=connected(c8/n2/u0).,"{""package_intact"": true, ""hole1_status"": ""connected"", ""hole2_status"": ""connected"", ""hole3_status"": ""connected"", ""rule"": ""abnormal if package damaged OR any hole not_connected"", ""conf_thresh"": 0.95, ""n_votes"": 10, ""use_enhance"": true, ""cove_used"": false, ""cove_trigger"": """"}",,"{""full_img_size"": [224, 224], ""package_bbox"": [48, 95, 191, 211], ""sub_boxes"": {""hole1"": [48, 114, 94, 211], ""hole2"": [95, 114, 141, 211], ""hole3"": [142, 114, 191, 211]}}"
TEST_042,0,0.53,True,True,Package intact (vote 10/10 on FULL). hole1=connected(c9/n1/u0) / hole2=connected(c10/n0/u0) / hole3=connected(c8/n2/u0).,"{""package_intact"": true, ""hole1_status"": ""connected"", ""hole2_status"": ""connected"", ""hole3_status"": ""connected"", ""rule"": ""abnormal if package damaged OR any hole not_connected"", ""conf_thresh"": 0.95, ""n_votes"": 10, ""use_enhance"": true, ""cove_used"": false, ""cove_trigger"": """"}",,"{""full_img_size"": [224, 224], ""package_bbox"": [38, 92, 181, 209], ""sub_boxes"": {""hole1"": [38, 111, 84, 209], ""hole2"": [85, 111, 131, 209], ""hole3"": [132, 111, 181, 209]}}"
TEST_043,0,0.55,True,True,Package intact (vote 10/10 on FULL). hole1=connected(c9/n1/u0) / hole2=connected(c10/n0/u0) / hole3=connected(c8/n2/u0).,"{""package_intact"": true, ""hole1_status"": ""connected"", ""hole2_status"": ""connected"", ""hole3_status"": ""connected"", ""rule"": ""abnormal if package damaged OR any hole not_connected"", ""conf_thresh"": 0.95, ""n_votes"": 10, ""use_enhance"": true, ""cove_used"": false, ""cove_trigger"": """"}",,"{""full_img_size"": [224, 224], ""package_bbox"": [33, 106, 179, 223], ""sub_boxes"": {""hole1"": [33, 125, 80, 223], ""hole2"": [81, 125, 128, 223], ""hole3"": [129, 125, 179, 223]}}"
TEST_044,0,0.66,False,True,Package intact (vote 10/10 on FULL). hole1=connected(c9/n1/u0) / hole2=connected(c10/n0/u0) / hole3=connected(c8/n2/u0).,"{""package_intact"": true, ""hole1_status"": ""connected"", ""hole2_status"": ""connected"", ""hole3_status"": ""connected"", ""rule"": ""abnormal if package damaged OR any hole not_connected"", ""conf_thresh"": 0.95, ""n_votes"": 10, ""use_enhance"": true, ""cove_used"": false, ""cove_trigger"": """"}",,"{""full_img_size"": [224, 224], ""package_bbox"": [48, 103, 187, 218], ""sub_boxes"": {""hole1"": [48, 122, 93, 218], ""hole2"": [94, 122, 139, 218], ""hole3"": [140, 122, 187, 218]}}"
TEST_045,0,0.79,False,True,Package intact (vote 10/10 on FULL). hole1=connected(c9/n1/u0) / hole2=connected(c10/n0/u0) / hole3=connected(c8/n2/u0).,"{""package_intact"": true, ""hole1_status"": ""connected"", ""hole2_status"": ""connected"", ""hole3_status"": ""connected"", ""rule"": ""abnormal if package damaged OR any hole not_connected"", ""conf_thresh"": 0.95, ""n_votes"": 10, ""use_enhance"": true, ""cove_used"": false, ""cove_trigger"": """"}",,"{""full_img_size"": [224, 224], ""package_bbox"": [43, 99, 184, 222], ""sub_boxes"": {""hole1"": [43, 118, 89, 222], ""hole2"": [90, 118, 136, 222], ""hole3"": [137, 118, 184, 222]}}"
TEST_046,0,0.72,False,True,Package intact (vote 10/10 on FULL). hole1=connected(c9/n1/u0) / hole2=connected(c10/n0/u0) / hole3=connected(c8/n2/u0).,"{""package_intact"": true, ""hole1_status"": ""connected"", ""hole2_status"": ""connected"", ""hole3_status"": ""connected"", ""rule"": ""abnormal if package damaged OR any hole not_connected"", ""conf_thresh"": 0.95, ""n_votes"": 10, ""use_enhance"": true, ""cove_used"": false, ""cove_trigger"": """"}",,"{""full_img_size"": [224, 224], ""package_bbox"": [45, 108, 186, 225], ""sub_boxes"": {""hole1"": [45, 127, 91, 225], ""hole2"": [92, 127, 138, 225], ""hole3"": [139, 127, 186, 225]}}"
TEST_047,0,0.58,True,True,Package intact (vote 10/10 on FULL). hole1=connected(c9/n1/u0) / hole2=connected(c10/n0/u0) / hole3=connected(c8/n2/u0).,"{""package_intact"": true, ""hole1_status"": ""connected"", ""hole2_status"": ""connected"", ""hole3_status"": ""connected"", ""rule"": ""abnormal if package damaged OR any hole not_connected"", ""conf_thresh"": 0.95, ""n_votes"": 10, ""use_enhance"": true, ""cove_used"": false, ""cove_trigger"": """"}",,"{""full_img_size"": [224, 224], ""package_bbox"": [48, 102, 191, 223], ""sub_boxes"": {""hole1"": [48, 121, 94, 223], ""hole2"": [95, 121, 141, 223], ""hole3"": [142, 121, 191, 223]}}"
TEST_048,0,0.72,False,True,Package intact (vote 10/10 on FULL). hole1=connected(c9/n1/u0) / hole2=connected(c10/n0/u0) / hole3=connected(c8/n2/u0).,"{""package_intact"": true, ""hole1_status"": ""connected"", ""hole2_status"": ""connected"", ""hole3_status"": ""connected"", ""rule"": ""abnormal if package damaged OR any hole not_connected"", ""conf_thresh"": 0.95, ""n_votes"": 10, ""use_enhance"": true, ""cove_used"": false, ""cove_trigger"": """"}",,"{""full_img_size"": [224, 224], ""package_bbox"": [39, 92, 184, 209], ""sub_boxes"": {""hole1"": [39, 111, 86, 209], ""hole2"": [87, 111, 134, 209], ""hole3"": [135, 111, 184, 209]}}"
TEST_049,0,0.44,True,True,Package intact (vote 10/10 on FULL). hole1=connected(c9/n1/u0) / hole2=connected(c10/n0/u0) / hole3=connected(c8/n2/u0).,"{""package_intact"": true, ""hole1_status"": ""connected"", ""hole2_status"": ""connected"", ""hole3_status"": ""connected"", ""rule"": ""abnormal if package damaged OR any hole not_connected"", ""conf_thresh"": 0.95, ""n_votes"": 10, ""use_enhance"": true, ""cove_used"": false, ""cove_trigger"": """"}",,"{""full_img_size"": [224, 224], ""package_bbox"": [33, 97, 172, 216], ""sub_boxes"": {""hole1"": [33, 116, 78, 216], ""hole2"": [79, 116, 124, 216], ""hole3"": [125, 116, 172, 216]}}"
TEST_050,1,0.66,False,True,Package intact (vote 10/10 on FULL). hole1=not_connected(c3/n7/u0) / hole2=not_connected(c9/n1/u0) / hole3=connected(c2/n8/u0).,"{""package_intact"": true, ""hole1_status"": ""uncertain"", ""hole2_status"": ""uncertain"", ""hole3_status"": ""connected"", ""rule"": ""abnormal if package damaged OR any hole not_connected"", ""conf_thresh"": 0.95, ""n_votes"": 10, ""use_enhance"": true, ""cove_used"": false, ""cove_trigger"": """"}",,"{""full_img_size"": [224, 224], ""package_bbox"": [34, 102, 175, 224], ""sub_boxes"": {""hole1"": [34, 121, 80, 224], ""hole2"": [81, 121, 127, 224], ""hole3"": [128, 121, 175, 224]}}"
TEST_051,0,0.54,True,True,Package intact (vote 10/10 on FULL). hole1=connected(c9/n1/u0) / hole2=connected(c10/n0/u0) / hole3=connected(c8/n2/u0).,"{""package_intact"": true, ""hole1_status"": ""connected"", ""hole2_status"": ""connected"", ""hole3_status"": ""connected"", ""rule"": ""abnormal if package damaged OR any hole not_connected"", ""conf_thresh"": 0.95, ""n_votes"": 10, ""use_enhance"": true, ""cove_used"": false, ""cove_trigger"": """"}",,"{""full_img_size"": [224, 224], ""package_bbox"": [42, 96, 183, 216], ""sub_boxes"": {""hole1"": [42, 115, 88, 216], ""hole2"": [89, 115, 135, 216], ""hole3"": [136, 115, 183, 216]}}"
TEST_052,0,0.46,True,True,Package intact (vote 10/10 on FULL). hole1=connected(c9/n1/u0) / hole2=connected(c10/n0/u0) / hole3=connected(c8/n2/u0).,"{""package_intact"": true, ""hole1_status"": ""connected"", ""hole2_status"": ""connected"", ""hole3_status"": ""connected"", ""rule"": ""abnormal if package damaged OR any hole not_connected"", ""conf_thresh"": 0.95, ""n_votes"": 10, ""use_enhance"": true, ""cove_used"": false, ""cove_trigger"": """"}",,"{""full_img_size"": [224, 224], ""package_bbox"": [47, 103, 187, 222], ""sub_boxes"": {""hole1"": [47, 122, 92, 222], ""hole2"": [93, 122, 138, 222], ""hole3"": [139, 122, 187, 222]}}"
TEST_053,0,0.71,False,True,Package intact (vote 10/10 on FULL). hole1=connected(c9/n1/u0) / hole2=connected(c10/n0/u0) / hole3=connected(c8/n2/u0).,"{""package_intact"": true, ""hole1_status"": ""connected"", ""hole2_status"": ""connected"", ""hole3_status"": ""connected"", ""rule"": ""abnormal if package damaged OR any hole not_connected"", ""conf_thresh"": 0.95, ""n_votes"": 10, ""use_enhance"": true, ""cove_used"": false, ""cove_trigger"": """"}",,"{""full_img_size"": [224, 224], ""package_bbox"": [44, 93, 188, 213], ""sub_boxes"": {""hole1"": [44, 112, 91, 213], ""hole2"": [92, 112, 139, 213], ""hole3"": [140, 112, 188, 213]}}"
TEST_054,0,0.33,True,True,Package intact (vote 10/10 on FULL). hole1=connected(c9/n1/u0) / hole2=connected(c10/n0/u0) / hole3=connected(c8/n2/u0).,"{""package_intact"": true, ""hole1_status"": ""connected"", ""hole2_status"": ""connected"", ""hole3_status"": ""connected"", ""rule"": ""abnormal if package damaged OR any hole not_connected"", ""conf_thresh"": 0.95, ""n_votes"": 10, ""use_enhance"": true, ""cove_used"": false, ""cove_trigger"": """"}",,"{""full_img_size"": [224, 224], ""package_bbox"": [41, 92, 181, 208], ""sub_boxes"": {""hole1"": [41, 111, 86, 208], ""hole2"": [87, 111, 132, 208], ""hole3"": [133, 111, 181, 208]}}"
TEST_055,0,0.77,False,True,Package intact (vote 10/10 on FULL). hole1=connected(c9/n1/u0) / hole2=connected(c10/n0/u0) / hole3=connected(c8/n2/u0).,"{""package_intact"": true, ""hole1_status"": ""connected"", ""hole2_status"": ""connected"", ""hole3_status"": ""connected"", ""rule"": ""abnormal if package damaged OR any hole not_connected"", ""conf_thresh"": 0.95, ""n_votes"": 10, ""use_enhance"": true, ""cove_used"": false, ""cove_trigger"": """"}",,"{""full_img_size"": [224, 224], ""package_bbox"": [40, 98, 186, 221], ""sub_boxes"": {""hole1"": [40, 117, 87, 221], ""hole2"": [88, 117, 135, 221], ""hole3"": [136, 117, 186, 221]}}"
TEST_056,0,0.3,True,True,Package intact (vote 10/10 on FULL). hole1=connected(c9/n1/u0) / hole2=connected(c10/n0/u0) / hole3=connected(c8/n2/u0).,"{""package_intact"": true, ""hole1_status"": ""connected"", ""hole2_status"": ""connected"", ""hole3_status"": ""connected"", ""rule"": ""abnormal if package damaged OR any hole not_connected"", ""conf_thresh"": 0.95, ""n_votes"": 10, ""use_enhance"": true, ""cove_used"": false, ""cove_trigger"": """"}",,"{""full_img_size"": [224, 224], ""package_bbox"": [36, 103, 183, 225], ""sub_boxes"": {""hole1"": [36, 122, 84, 225], ""hole2"": [85, 122, 133, 225], ""hole3"": [134, 122, 183, 225]}}"
TEST_057,0,0.58,True,True,Package intact (vote 10/10 on FULL). hole1=connected(c9/n1/u0) / hole2=connected(c10/n0/u0) / hole3=connected(c8/n2/u0).,"{""package_intact"": true, ""hole1_status"": ""connected"", ""hole2_status"": ""connected"", ""hole3_status"": ""connected"", ""rule"": ""abnormal if package damaged OR any hole not_connected"", ""conf_thresh"": 0.95, ""n_votes"": 10, ""use_enhance"": true, ""cove_used"": false, ""cove_trigger"": """"}",,"{""full_img_size"": [224, 224], ""package_bbox"": [42, 93, 186, 213], ""sub_boxes"": {""hole1"": [42, 112, 89, 213], ""hole2"": [90, 112, 137, 213], ""hole3"": [138, 112, 186, 213]}}"
TEST_058,1,0.48,True,True,Package intact (vote 10/10 on FULL). hole1=not_connected(c3/n7/u0) / hole2=not_connected(c9/n1/u0) / hole3=connected(c2/n8/u0).,"{""package_intact"": true, ""hole1_status"": ""uncertain"", ""hole2_status"": ""uncertain"", ""hole3_status"": ""connected"", ""rule"": ""abnormal if package damaged OR any hole not_connected"", ""conf_thresh"": 0.95, ""n_votes"": 10, ""use_enhance"": true, ""cove_used"": false, ""cove_trigger"": """"}",,"{""full_img_size"": [224, 224], ""package_bbox"": [36, 104, 178, 225], ""sub_boxes"": {""hole1"": [36, 123, 82, 225], ""hole2"": [83, 123, 129, 225], ""hole3"": [130, 123, 178, 225]}}"
TEST_059,0,0.72,False,True,Package intact (vote 10/10 on FULL). hole1=connected(c9/n1/u0) / hole2=connected(c10/n0/u0) / hole3=connected(c8/n2/u0).,"{""package_intact"": true, ""hole1_status"": ""connected"", ""hole2_status"": ""connected"", ""hole3_status"": ""connected"", ""rule"": ""abnormal if package damaged OR any hole not_connected"", ""conf_thresh"": 0.95, ""n_votes"": 10, ""use_enhance"": true, ""cove_used"": false, ""cove_trigger"": """"}",,"{""full_img_size"": [224, 224], ""package_bbox"": [44, 97, 190, 218], ""sub_boxes"": {""hole1"": [44, 116, 91, 218], ""hole2"": [92, 116, 139, 218], ""hole3"": [140, 116, 190, 218]}}"
TEST_060,0,0.71,False,True,Package intact (vote 10/10 on FULL). hole1=connected(c9/n1/u0) / hole2=connected(c10/n0/u0) / hole3=connected(c8/n2/u0).,"{""package_intact"": true, ""hole1_status"": ""connected"", ""hole2_status"": ""connected"", ""hole3_status"": ""connected"", ""rule"": ""abnormal if package damaged OR any hole not_connected"", ""conf_thresh"": 0.95, ""n_votes"": 10, ""use_enhance"": true, ""cove_used"": false, ""cove_trigger"": """"}",,"{""full_img_size"": [224, 224], ""package_bbox"": [45, 95, 190, 214], ""sub_boxes"": {""hole1"": [45, 114, 92, 214], ""hole2"": [93, 114, 140, 214], ""hole3"": [141, 114, 190, 214]}}"
TEST_061,1,0.35,True,True,Package intact (vote 10/10 on FULL). hole1=not_connected(c3/n7/u0) / hole2=not_connected(c9/n1/u0) / hole3=connected(c2/n8/u0).,"{""package_intact"": true, ""hole1_status"": ""uncertain"", ""hole2_status"": ""uncertain"", ""hole3_status"": ""connected"", ""rule"": ""abnormal if package damaged OR any hole not_connected"", ""conf_thresh"": 0.95, ""n_votes"": 10, ""use_enhance"": true, ""cove_used"": false, ""cove_trigger"": """"}",,"{""full_img_size"": [224, 224], ""package_bbox"": [47, 106, 194, 222], ""sub_boxes"": {""hole1"": [47, 125, 95, 222], ""hole2"": [96, 125, 144, 222], ""hole3"": [145, 125, 194, 222]}}"
TEST_062,0,0.38,True,True,Package intact (vote 10/10 on FULL). hole1=connected(c9/n1/u0) / hole2=connected(c10/n0/u0) / hole3=connected(c8/n2/u0).,"{""package_intact"": true, ""hole1_status"": ""connected"", ""hole2_status"": ""connected"", ""hole3_status"": ""connected"", ""rule"": ""abnormal if package damaged OR any hole not_connected"", ""conf_thresh"": 0.95, ""n_votes"": 10, ""use_enhance"": true, ""cove_used"": false, ""cove_trigger"": """"}",,"{""full_img_size"": [224, 224], ""package_bbox"": [46, 108, 186, 228], ""sub_boxes"": {""hole1"": [46, 127, 91, 228], ""hole2"": [92, 127, 137, 228], ""hole3"": [138, 127, 186, 228]}}"
TEST_063,0,0.47,True,True,Package intact (vote 10/10 on FULL). hole1=connected(c9/n1/u0) / hole2=connected(c10/n0/u0) / hole3=connected(c8/n2/u0).,"{""package_intact"": true, ""hole1_status"": ""connected"", ""hole2_status"": ""connected"", ""hole3_status"": ""connected"", ""rule"": ""abnormal if package damaged OR any hole not_connected"", ""conf_thresh"": 0.95, ""n_votes"": 10, ""use_enhance"": true, ""cove_used"": false, ""cove_trigger"": """"}",,"{""full_img_size"": [224, 224], ""package_bbox"": [34, 108, 176, 225], ""sub_boxes"": {""hole1"": [34, 127, 80, 225], ""hole2"": [81, 127, 127, 225], ""hole3"": [128, 127, 176, 225]}}"
TEST_064,1,0.43,True,True,Package intact (vote 10/10 on FULL). hole1=not_connected(c3/n7/u0) / hole2=connected(c9/n1/u0) / hole3=not_connected(c2/n8/u0).,"{""package_intact"": true, ""hole1_status"": ""uncertain"", ""hole2_status"": ""connected"", ""hole3_status"": ""uncertain"", ""rule"": ""abnormal if package damaged OR any hole not_connected"", ""conf_thresh"": 0.95, ""n_votes"": 10, ""use_enhance"": true, ""cove_used"": false, ""cove_trigger"": """"}",,"{""full_img_size"": [224, 224], ""package_bbox"": [42, 106, 182, 224], ""sub_boxes"": {""hole1"": [42, 125, 87, 224], ""hole2"": [88, 125, 133, 224], ""hole3"": [134, 125, 182, 224]}}"
TEST_065,0,0.6,False,True,Package intact (vote 10/10 on FULL). hole1=connected(c9/n1/u0) / hole2=connected(c10/n0/u0) / hole3=connected(c8/n2/u0).,"{""package_intact"": true, ""hole1_status"": ""connected"", ""hole2_status"": ""connected"", ""hole3_status"": ""connected"", ""rule"": ""abnormal if package damaged OR any hole not_connected"", ""conf_thresh"": 0.95, ""n_votes"": 10, ""use_enhance"": true, ""cove_used"": false, ""cove_trigger"": """"}",,"{""full_img_size"": [224, 224], ""package_bbox"": [43, 108, 184, 227], ""sub_boxes"": {""hole1"": [43, 127, 89, 227], ""hole2"": [90, 127, 136, 227], ""hole3"": [137, 127, 184, 227]}}"
TEST_066,0,0.61,False,True,Package intact (vote 10/10 on FULL). hole1=connected(c9/n1/u0) / hole2=connected(c10/n0/u0) / hole3=connected(c8/n2/u0).,"{""package_intact"": true, ""hole1_status"": ""connected"", ""hole2_status"": ""connected"", ""hole3_status"": ""connected"", ""rule"": ""abnormal if package damaged OR any hole not_connected"", ""conf_thresh"": 0.95, ""n_votes"": 10, ""use_enhance"": true, ""cove_used"": false, ""cove_trigger"": """"}",,"{""full_img_size"": [224, 224], ""package_bbox"": [46, 98, 185, 214], ""sub_boxes"": {""hole1"": [46, 117, 91, 214], ""hole2"": [92, 117, 137, 214], ""hole3"": [138, 117, 185, 214]}}"
TEST_067,0,0.65,False,True,Package intact (vote 10/10 on FULL). hole1=connected(c9/n1/u0) / hole2=connected(c10/n0/u0) / hole3=connected(c8/n2/u0).,"{""package_intact"": true, ""hole1_status"": ""connected"", ""hole2_status"": ""connected"", ""hole3_status"": ""connected"", ""rule"": ""abnormal if package damaged OR any hole not_connected"", ""conf_thresh"": 0.95, ""n_votes"": 10, ""use_enhance"": true, ""cove_used"": false, ""cove_trigger"": """"}",,"{""full_img_size"": [224, 224], ""package_bbox"": [35, 95, 176, 218], ""sub_boxes"": {""hole1"": [35, 114, 81, 218], ""hole2"": [82, 114, 128, 218], ""hole3"": [129, 114, 176, 218]}}"
TEST_068,0,0.47,True,True,Package intact (vote 10/10 on FULL). hole1=connected(c9/n1/u0) / hole2=connected(c10/n0/u0) / hole3=connected(c8/n2/u0).,"{""package_intact"": true, ""hole1_status"": ""connected"", ""hole2_status"": ""connected"", ""hole3_status"": ""connected"", ""rule"": ""abnormal if package damaged OR any hole not_connected"", ""conf_thresh"": 0.95, ""n_votes"": 10, ""use_enhance"": true, ""cove_used"": false, ""cove_trigger"": """"}",,"{""full_img_size"": [224, 224], ""package_bbox"": [34, 101, 179, 217], ""sub_boxes"": {""hole1"": [34, 120, 81, 217], ""hole2"": [82, 120, 129, 217], ""hole3"": [130, 120, 179, 217]}}"
TEST_069,0,0.53,True,True,Package intact (vote 10/10 on FULL). hole1=connected(c9/n1/u0) / hole2=connected(c10/n0/u0) / hole3=connected(c8/n2/u0).,"{""package_intact"": true, ""hole1_status"": ""connected"", ""hole2_status"": ""connected"", ""hole3_status"": ""connected"", ""rule"": ""abnormal if package damaged OR any hole not_connected"", ""conf_thresh"": 0.95, ""n_votes"": 10, ""use_enhance"": true, ""cove_used"": false, ""cove_trigger"": """"}",,"{""full_img_size"": [224, 224], ""package_bbox"": [38, 100, 179, 222], ""sub_boxes"": {""hole1"": [38, 119, 84, 222], ""hole2"": [85, 119, 131, 222], ""hole3"": [132, 119, 179, 222]}}"
TEST_070,0,0.65,False,True,Package intact (vote 10/10 on FULL). hole1=connected(c9/n1/u0) / hole2=connected(c10/n0/u0) / hole3=connected(c8/n2/u0).,"{""package_intact"": true, ""hole1_status"": ""connected"", ""hole2_status"": ""connected"", ""hole3_status"": ""connected"", ""rule"": ""abnormal if package damaged OR any hole not_connected"", ""conf_thresh"": 0.95, ""n_votes"": 10, ""use_enhance"": true, ""cove_used"": false, ""cove_trigger"": """"}",,"{""full_img_size"": [224, 224], ""package_bbox"": [37, 98, 178, 215], ""sub_boxes"": {""hole1"": [37, 117, 83, 215], ""hole2"": [84, 117, 130, 215], ""hole3"": [131, 117, 178, 215]}}"
TEST_071,0,0.72,False,True,Package intact (vote 10/10 on FULL). hole1=connected(c9/n1/u0) / hole2=connected(c10/n0/u0) / hole3=connected(c8/n2/u0).,"{""package_intact"": true, ""hole1_status"": ""connected"", ""hole2_status"": ""connected"", ""hole3_status"": ""connected"", ""rule"": ""abnormal if package damaged OR any hole not_connected"", ""conf_thresh"": 0.95, ""n_votes"": 10, ""use_enhance"": true, ""cove_used"": false, ""cove_trigger"": """"}",,"{""full_img_size"": [224, 224], ""package_bbox"": [36, 105, 181, 222], ""sub_boxes"": {""hole1"": [36, 124, 83, 222], ""hole2"": [84, 124, 131, 222], ""hole3"": [132, 124, 181, 222]}}"
TEST_072,0,0.65,False,True,Package intact (vote 10/10 on FULL). hole1=connected(c9/n1/u0) / hole2=connected(c10/n0/u0) / hole3=connected(c8/n2/u0).,"{""package_intact"": true, ""hole1_status"": ""connected"", ""hole2_status"": ""connected"", ""hole3_status"": ""connected"", ""rule"": ""abnormal if package damaged OR any hole not_connected"", ""conf_thresh"": 0.95, ""n_votes"": 10, ""use_enhance"": true, ""cove_used"": false, ""cove_trigger"": """"}",,"{""full_img_size"": [224, 224], ""package_bbox"": [39, 104, 183, 225], ""sub_boxes"": {""hole1"": [39, 123, 86, 225], ""hole2"": [87, 123, 134, 225], ""hole3"": [135, 123, 183, 225]}}"
TEST_073,0,0.77,False,True,Package intact (vote 10/10 on FULL). hole1=connected(c9/n1/u0) / hole2=connected(c10/n0/u0) / hole3=connected(c8/n2/u0).,"{""package_intact"": true, ""hole1_status"": ""connected"", ""hole2_status"": ""connected"", ""hole3_status"": ""connected"", ""rule"": ""abnormal if package damaged OR any hole not_connected"", ""conf_thresh"": 0.95, ""n_votes"": 10, ""use_enhance"": true, ""cove_used"": false, ""cove_trigger"": """"}",,"{""full_img_size"": [224, 224], ""package_bbox"": [41, 99, 181, 220], ""sub_boxes"": {""hole1"": [41, 118, 86, 220], ""hole2"": [87, 118, 132, 220], ""hole3"": [133, 118, 181, 220]}}"
TEST_074,0,0.59,True,True,Package intact (vote 10/10 on FULL). hole1=connected(c9/n1/u0) / hole2=connected(c10/n0/u0) / hole3=connected(c8/n2/u0).,"{""package_intact"": true, ""hole1_status"": ""connected"", ""hole2_status"": ""connected"", ""hole3_status"": ""connected"", ""rule"": ""abnormal if package damaged OR any hole not_connected"", ""conf_thresh"": 0.95, ""n_votes"": 10, ""use_enhance"": true, ""cove_used"": false, ""cove_trigger"": """"}",,"{""full_img_size"": [224, 224], ""package_bbox"": [35, 101, 176, 218], ""sub_boxes"": {""hole1"": [35, 120, 81, 218], ""hole2"": [82, 120, 128, 218], ""hole3"": [129, 120, 176, 218]}}"
TEST_075,0,0.67,False,True,Package intact (vote 10/10 on FULL). hole1=connected(c9/n1/u0) / hole2=connected(c10/n0/u0) / hole3=connected(c8/n2/u0).,"{""package_intact"": true, ""hole1_status"": ""connected"", ""hole2_status"": ""connected"", ""hole3_status"": ""connected"", ""rule"": ""abnormal if package damaged OR any hole not_connected"", ""conf_thresh"": 0.95, ""n_votes"": 10, ""use_enhance"": true, ""cove_used"": false, ""cove_trigger"": """"}",,"{""full_img_size"": [224, 224], ""package_bbox"": [35, 101, 181, 216], ""sub_boxes"": {""hole1"": [35, 120, 82, 216], ""hole2"": [83, 120, 130, 216], ""hole3"": [131, 120, 181, 216]}}"
TEST_076,0,0.5,True,True,Package intact (vote 10/10 on FULL). hole1=connected(c9/n1/u0) / hole2=connected(c10/n0/u0) / hole3=connected(c8/n2/u0).,"{""package_intact"": true, ""hole1_status"": ""connected"", ""hole2_status"": ""connected"", ""hole3_status"": ""connected"", ""rule"": ""abnormal if package damaged OR any hole not_connected"", ""conf_thresh"": 0.95, ""n_votes"": 10, ""use_enhance"": true, ""cove_used"": false, ""cove_trigger"": """"}",,"{""full_img_size"": [224, 224], ""package_bbox"": [46, 99, 188, 220], ""sub_boxes"": {""hole1"": [46, 118, 92, 220], ""hole2"": [93, 118, 139, 220], ""hole3"": [140, 118, 188, 220]}}"
TEST_077,0,0.37,True,True,Package intact (vote 10/10 on FULL). hole1=connected(c9/n1/u0) / hole2=connected(c10/n0/u0) / hole3=connected(c8/n2/u0).,"{""package_intact"": true, ""hole1_status"": ""connected"", ""hole2_status"": ""connected"", ""hole3_status"": ""connected"", ""rule"": ""abnormal if package damaged OR any hole not_connected"", ""conf_thresh"": 0.95, ""n_votes"": 10, ""use_enhance"": true, ""cove_used"": false, ""cove_trigger"": """"}",,"{""full_img_size"": [224, 224], ""package_bbox"": [36, 103, 179, 219], ""sub_boxes"": {""hole1"": [36, 122, 82, 219], ""hole2"": [83, 122, 129, 219], ""hole3"": [130, 122, 179, 219]}}"
TEST_078,1,0.51,True,True,Package intact (vote 10/10 on FULL). hole1=not_connected(c3/n7/u0) / hole2=not_connected(c9/n1/u0) / hole3=connected(c2/n8/u0).,"{""package_intact"": true, ""hole1_status"": ""uncertain"", ""hole2_status"": ""uncertain"", ""hole3_status"": ""connected"", ""rule"": ""abnormal if package damaged OR any hole not_connected"", ""conf_thresh"": 0.95, ""n_votes"": 10, ""use_enhance"": true, ""cove_used"": false, ""cove_trigger"": """"}",,"{""full_img_size"": [224, 224], ""package_bbox"": [38, 105, 184, 225], ""sub_boxes"": {""hole1"": [38, 124, 85, 225], ""hole2"": [86, 124, 133, 225], ""hole3"": [134, 124, 184, 225]}}"
TEST_079,1,0.4,True,True,Package intact (vote 10/10 on FULL). hole1=not_connected(c3/n7/u0) / hole2=not_connected(c9/n1/u0) / hole3=connected(c2/n8/u0).,"{""package_intact"": true, ""hole1_status"": ""uncertain"", ""hole2_status"": ""uncertain"", ""hole3_status"": ""connected"", ""rule"": ""abnormal if package damaged OR any hole not_connected"", ""conf_thresh"": 0.95, ""n_votes"": 10, ""use_enhance"": true, ""cove_used"": false, ""cove_trigger"": """"}",,"{""full_img_size"": [224, 224], ""package_bbox"": [48, 96, 193, 216], ""sub_boxes"": {""hole1"": [48, 115, 95, 216], ""hole2"": [96, 115, 143, 216], ""hole3"": [144, 115, 193, 216]}}"
TEST_080,1,0.73,False,True,Package intact (vote 10/10 on FULL). hole1=not_connected(c3/n7/u0) / hole2=connected(c9/n1/u0) / hole3=not_connected(c2/n8/u0).,"{""package_intact"": true, ""hole1_status"": ""uncertain"", ""hole2_status"": ""connected"", ""hole3_status"": ""uncertain"", ""rule"": ""abnormal if package damaged OR any hole not_connected"", ""conf_thresh"": 0.95, ""n_votes"": 10, ""use_enhance"": true, ""cove_used"": false, ""cove_trigger"": """"}",,"{""full_img_size"": [224, 224], ""package_bbox"": [37, 93, 182, 212], ""sub_boxes"": {""hole1"": [37, 112, 84, 212], ""hole2"": [85, 112, 132, 212], ""hole3"": [133, 112, 182, 212]}}"
TEST_081,0,0.68,False,True,Package intact (vote 10/10 on FULL). hole1=connected(c9/n1/u0) / hole2=connected(c10/n0/u0) / hole3=connected(c8/n2/u0).,"{""package_intact"": true, ""hole1_status"": ""connected"", ""hole2_status"": ""connected"", ""hole3_status"": ""connected"", ""rule"": ""abnormal if package damaged OR any hole not_connected"", ""conf_thresh"": 0.95, ""n_votes"": 10, ""use_enhance"": true, ""cove_used"": false, ""cove_trigger"": """"}",,"{""full_img_size"": [224, 224], ""package_bbox"": [48, 103, 194, 222], ""sub_boxes"": {""hole1"": [48, 122, 95, 222], ""hole2"": [96, 122, 143, 222], ""hole3"": [144, 122, 194, 222]}}"
TEST_082,0,0.53,True,True,Package intact (vote 10/10 on FULL). hole1=connected(c9/n1/u0) / hole2=connected(c10/n0/u0) / hole3=connected(c8/n2/u0).,"{""package_intact"": true, ""hole1_status"": ""connected"", ""hole2_status"": ""connected"", ""hole3_status"": ""connected"", ""rule"": ""abnormal if package damaged OR any hole not_connected"", ""conf_thresh"": 0.95, ""n_votes"": 10, ""use_enhance"": true, ""cove_used"": false, ""cove_trigger"": """"}",,"{""full_img_size"": [224, 224], ""package_bbox"": [35, 93, 178, 211], ""sub_boxes"": {""hole1"": [35, 112, 81, 211], ""hole2"": [82, 112, 128, 211], ""hole3"": [129, 112, 178, 211]}}"
TEST_083,0,0.74,False,True,Package intact (vote 10/10 on FULL). hole1=connected(c9/n1/u0) / hole2=connected(c10/n0/u0) / hole3=connected(c8/n2/u0).,"{""package_intact"": true, ""hole1_status"": ""connected"", ""hole2_status"": ""connected"", ""hole3_status"": ""connected"", ""rule"": ""abnormal if package damaged OR any hole not_connected"", ""conf_thresh"": 0.95, ""n_votes"": 10, ""use_enhance"": true, ""cove_used"": false, ""cove_trigger"": """"}",,"{""full_img_size"": [224, 224], ""package_bbox"": [45, 108, 187, 228], ""sub_boxes"": {""hole1"": [45, 127, 91, 228], ""hole2"": [92, 127, 138, 228], ""hole3"": [139, 127, 187, 228]}}"
TEST_084,0,0.75,False,True,Package intact (vote 10/10 on FULL). hole1=connected(c9/n1/u0) / hole2=connected(c10/n0/u0) / hole3=connected(c8/n2/u0).,"{""package_intact"": true, ""hole1_status"": ""connected"", ""hole2_status"": ""connected"", ""hole3_status"": ""connected"", ""rule"": ""abnormal if package damaged OR any hole not_connected"", ""conf_thresh"": 0.95, ""n_votes"": 10, ""use_enhance"": true, ""cove_used"": false, ""cove_trigger"": """"}",,"{""full_img_size"": [224, 224], ""package_bbox"": [34, 106, 176, 221], ""sub_boxes"": {""hole1"": [34, 125, 80, 221], ""hole2"": [81, 125, 127, 221], ""hole3"": [128, 125, 176, 221]}}"
TEST_085,1,0.69,False,True,Package intact (vote 10/10 on FULL). hole1=not_connected(c3/n7/u0) / hole2=not_connected(c9/n1/u0) / hole3=connected(c2/n8/u0).,"{""package_intact"": true, ""hole1_status"": ""uncertain"", ""hole2_status"": ""uncertain"", ""hole3_status"": ""connected"", ""rule"": ""abnormal if package damaged OR any hole not_connected"", ""conf_thresh"": 0.95, ""n_votes"": 10, ""use_enhance"": true, ""cove_used"": false, ""cove_trigger"": """"}",,"{""full_img_size"": [224, 224], ""package_bbox"": [38, 93, 185, 213], ""sub_boxes"": {""hole1"": [38, 112, 86, 213], ""hole2"": [87, 112, 135, 213], ""hole3"": [136, 112, 185, 213]}}"
TEST_086,0,0.54,True,True,Package intact (vote 10/10 on FULL). hole1=connected(c9/n1/u0) / hole2=connected(c10/n0/u0) / hole3=connected(c8/n2/u0).,"{""package_intact"": true, ""hole1_status"": ""connected"", ""hole2_status"": ""connected"", ""hole3_status"": ""connected"", ""rule"": ""abnormal if package damaged OR any hole not_connected"", ""conf_thresh"": 0.95, ""n_votes"": 10, ""use_enhance"": true, ""cove_used"": false, ""cove_trigger"": """"}",,"{""full_img_size"": [224, 224], ""package_bbox"": [34, 93, 178, 211], ""sub_boxes"": {""hole1"": [34, 112, 81, 211], ""hole2"": [82, 112, 129, 211], ""hole3"": [130, 112, 178, 211]}}"
TEST_087,0,0.69,False,True,Package intact (vote 10/10 on FULL). hole1=connected(c9/n1/u0) / hole2=connected(c10/n0/u0) / hole3=connected(c8/n2/u0).,"{""package_intact"": true, ""hole1_status"": ""connected"", ""hole2_status"": ""connected"", ""hole3_status"": ""connected"", ""rule"": ""abnormal if package damaged OR any hole not_connected"", ""conf_thresh"": 0.95, ""n_votes"": 10, ""use_enhance"": true, ""cove_used"": false, ""cove_trigger"": """"}",,"{""full_img_size"": [224, 224], ""package_bbox"": [48, 100, 193, 222], ""sub_boxes"": {""hole1"": [48, 119, 95, 222], ""hole2"": [96, 119, 143, 222], ""hole3"": [144, 119, 193, 222]}}"
TEST_088,0,0.73,False,True,Package intact (vote 10/10 on FULL). hole1=connected(c9/n1/u0) / hole2=connected(c10/n0/u0) / hole3=connected(c8/n2/u0).,"{""package_intact"": true, ""hole1_status"": ""connected"", ""hole2_status"": ""connected"", ""hole3_status"": ""connected"", ""rule"": ""abnormal if package damaged OR any hole not_connected"", ""conf_thresh"": 0.95, ""n_votes"": 10, ""use_enhance"": true, ""cove_used"": false, ""cove_trigger"": """"}",,"{""full_img_size"": [224, 224], ""package_bbox"": [45, 99, 190, 222], ""sub_boxes"": {""hole1"": [45, 118, 92, 222], ""hole2"": [93, 118, 140, 222], ""hole3"": [141, 118, 190, 222]}}"
TEST_089,0,0.7,False,True,Package intact (vote 10/10 on FULL). hole1=connected(c9/n1/u0) / hole2=connected(c10/n0/u0) / hole3=connected(c8/n2/u0).,"{""package_intact"": true, ""hole1_status"": ""connected"", ""hole2_status"": ""connected"", ""hole3_status"": ""connected"", ""rule"": ""abnormal if package damaged OR any hole not_connected"", ""conf_thresh"": 0.95, ""n_votes"": 10, ""use_enhance"": true, ""cove_used"": false, ""cove_trigger"": """"}",,"{""full_img_size"": [224, 224], ""package_bbox"": [34, 103, 175, 223], ""sub_boxes"": {""hole1"": [34, 122, 80, 223], ""hole2"": [81, 122, 127, 223], ""hole3"": [128, 122, 175, 223]}}"
TEST_090,0,0.43,True,True,Package intact (vote 10/10 on FULL). hole1=connected(c9/n1/u0) / hole2=connected(c10/n0/u0) / hole3=connected(c8/n2/u0).,"{""package_intact"": true, ""hole1_status"": ""connected"", ""hole2_status"": ""connected"", ""hole3_status"": ""connected"", ""rule"": ""abnormal if package damaged OR any hole not_connected"", ""conf_thresh"": 0.95, ""n_votes"": 10, ""use_enhance"": true, ""cove_used"": false, ""cove_trigger"": """"}",,"{""full_img_size"": [224, 224], ""package_bbox"": [37, 100, 182, 221], ""sub_boxes"": {""hole1"": [37, 119, 84, 221], ""hole2"": [85, 119, 132, 221], ""hole3"": [133, 119, 182, 221]}}"
TEST_091,0,0.41,True,True,Package intact (vote 10/10 on FULL). hole1=connected(c9/n1/u0) / hole2=connected(c10/n0/u0) / hole3=connected(c8/n2/u0).,"{""package_intact"": true, ""hole1_status"": ""connected"", ""hole2_status"": ""connected"", ""hole3_status"": ""connected"", ""rule"": ""abnormal if package damaged OR any hole not_connected"", ""conf_thresh"": 0.95, ""n_votes"": 10, ""use_enhance"": true, ""cove_used"": false, ""cove_trigger"": """"}",,"{""full_img_size"": [224, 224], ""package_bbox"": [46, 104, 189, 225], ""sub_boxes"": {""hole1"": [46, 123, 92, 225], ""hole2"": [93, 123, 139, 225], ""hole3"": [140, 123, 189, 225]}}"
TEST_092,0,0.51,True,True,Package intact (vote 10/10 on FULL). hole1=connected(c9/n1/u0) / hole2=connected(c10/n0/u0) / hole3=connected(c8/n2/u0).,"{""package_intact"": true, ""hole1_status"": ""connected"", ""hole2_status"": ""connected"", ""hole3_status"": ""connected"", ""rule"": ""abnormal if package damaged OR any hole not_connected"", ""conf_thresh"": 0.95, ""n_votes"": 10, ""use_enhance"": true, ""cove_used"": false, ""cove_trigger"": """"}",,"{""full_img_size"": [224, 224], ""package_bbox"": [36, 99, 182, 219], ""sub_boxes"": {""hole1"": [36, 118, 83, 219], ""hole2"": [84, 118, 131, 219], ""hole3"": [132, 118, 182, 219]}}"
TEST_093,0,0.8,False,True,Package intact (vote 10/10 on FULL). hole1=connected(c9/n1/u0) / hole2=connected(c10/n0/u0) / hole3=connected(c8/n2/u0).,"{""package_intact"": true, ""hole1_status"": ""connected"", ""hole2_status"": ""connected"", ""hole3_status"": ""connected"", ""rule"": ""abnormal if package damaged OR any hole not_connected"", ""conf_thresh"": 0.95, ""n_votes"": 10, ""use_enhance"": true, ""cove_used"": false, ""cove_trigger"": """"}",,"{""full_img_size"": [224, 224], ""package_bbox"": [40, 101, 185, 224], ""sub_boxes"": {""hole1"": [40, 120, 87, 224], ""hole2"": [88, 120, 135, 224], ""hole3"": [136, 120, 185, 224]}}"
TEST_094,0,0.42,True,True,Package intact (vote 10/10 on FULL). hole1=connected(c9/n1/u0) / hole2=connected(c10/n0/u0) / hole3=connected(c8/n2/u0).,"{""package_intact"": true, ""hole1_status"": ""connected"", ""hole2_status"": ""connected"", ""hole3_status"": ""connected"", ""rule"": ""abnormal if package damaged OR any hole not_connected"", ""conf_thresh"": 0.95, ""n_votes"": 10, ""use_enhance"": true, ""cove_used"": false, ""cove_trigger"": """"}",,"{""full_img_size"": [224, 224], ""package_bbox"": [35, 100, 179, 222], ""sub_boxes"": {""hole1"": [35, 119, 82, 222], ""hole2"": [83, 119, 130, 222], ""hole3"": [131, 119, 179, 222]}}"
TEST_095,0,0.31,True,True,Package intact (vote 10/10 on FULL). hole1=connected(c9/n1/u0) / hole2=connected(c10/n0/u0) / hole3=connected(c8/n2/u0).,"{""package_intact"": true, ""hole1_status"": ""connected"", ""hole2_status"": ""connected"", ""hole3_status"": ""connected"", ""rule"": ""abnormal if package damaged OR any hole not_connected"", ""conf_thresh"": 0.95, ""n_votes"": 10, ""use_enhance"": true, ""cove_used"": false, ""cove_trigger"": """"}",,"{""full_img_size"": [224, 224], ""package_bbox"": [32, 92, 172, 207], ""sub_boxes"": {""hole1"": [32, 111, 77, 207], ""hole2"": [78, 111, 123, 207], ""hole3"": [124, 111, 172, 207]}}"
TEST_096,0,0.59,True,True,Package intact (vote 10/10 on FULL). hole1=connected(c9/n1/u0) / hole2=connected(c10/n0/u0) / hole3=connected(c8/n2/u0).,"{""package_intact"": true, ""hole1_status"": ""connected"", ""hole2_status"": ""connected"", ""hole3_status"": ""connected"", ""rule"": ""abnormal if package damaged OR any hole not_connected"", ""conf_thresh"": 0.95, ""n_votes"": 10, ""use_enhance"": true, ""cove_used"": false, ""cove_trigger"": """"}",,"{""full_img_size"": [224, 224], ""package_bbox"": [42, 103, 183, 220], ""sub_boxes"": {""hole1"": [42, 122, 88, 220], ""hole2"": [89, 122, 135, 220], ""hole3"": [136, 122, 183, 220]}}"
TEST_097,1,0.46,True,True,Package intact (vote 10/10 on FULL). hole1=not_connected(c3/n7/u0) / hole2=connected(c9/n1/u0) / hole3=not_connected(c2/n8/u0).,"{""package_intact"": true, ""hole1_status"": ""uncertain"", ""hole2_status"": ""connected"", ""hole3_status"": ""uncertain"", ""rule"": ""abnormal if package damaged OR any hole not_connected"", ""conf_thresh"": 0.95, ""n_votes"": 10, ""use_enhance"": true, ""cove_used"": false, ""cove_trigger"": """"}",,"{""full_img_size"": [224, 224], ""package_bbox"": [33, 93, 180, 211], ""sub_boxes"": {""hole1"": [33, 112, 81, 211], ""hole2"": [82, 112, 130, 211], ""hole3"": [131, 112, 180, 211]}}"
TEST_098,0,0.61,False,True,Package intact (vote 10/10 on FULL). hole1=connected(c9/n1/u0) / hole2=connected(c10/n0/u0) / hole3=connected(c8/n2/u0).,"{""package_intact"": true, ""hole1_status"": ""connected"", ""hole2_status"": ""connected"", ""hole3_status"": ""connected"", ""rule"": ""abnormal if package damaged OR any hole not_connected"", ""conf_thresh"": 0.95, ""n_votes"": 10, ""use_enhance"": true, ""cove_used"": false, ""cove_trigger"": """"}",,"{""full_img_size"": [224, 224], ""package_bbox"": [34, 97, 174, 217], ""sub_boxes"": {""hole1"": [34, 116, 79, 217], ""hole2"": [80, 116, 125, 217], ""hole3"": [126, 116, 174, 217]}}"
TEST_099,0,0.63,False,True,Package intact (vote 10/10 on FULL). hole1=connected(c9/n1/u0) / hole2=connected(c10/n0/u0) / hole3=connected(c8/n2/u0).,"{""package_intact"": true, ""hole1_status"": ""connected"", ""hole2_status"": ""connected"", ""hole3_status"": ""connected"", ""rule"": ""abnormal if package damaged OR any hole not_connected"", ""conf_thresh"": 0.95, ""n_votes"": 10, ""use_enhance"": true, ""cove_used"": false, ""cove_trigger"": """"}",,"{""full_img_size"": [224, 224], ""package_bbox"": [47, 104, 192, 221], ""sub_boxes"": {""hole1"": [47, 123, 94, 221], ""hole2"": [95, 123, 142, 221], ""hole3"": [143, 123, 192, 221]}}"
